{"name": "sir20", "N": 20, "instantiator": "CTMC", "model_checking_type": "exact", "scen_opt_N=20": 0.64, "lower_bound": {"0.095": {"0.9": 0.0, "0.99": 0.0, "0.999": 0.0, "frequentist": 0}, "0.118": {"0.9": 0.005386000000000002, "0.99": 0.001646999999999954, "0.999": 0.0005150000000000432, "frequentist": 0}, "0.154": {"0.9": 0.089843, "0.99": 0.05591500000000005, "0.999": 0.036177000000000015, "frequentist": 0}, "0.222": {"0.9": 0.23480299999999998, "0.99": 0.170898, "0.999": 0.128513, "frequentist": 0}, "0.4": {"0.9": 0.423929, "0.99": 0.334986, "0.999": 0.27154199999999995, "frequentist": 0}, "0.667": {"0.9": 0.536997, "0.99": 0.43807799999999997, "0.999": 0.365197, "frequentist": 0}, "2.0": {"0.9": 0.668363, "0.99": 0.561998, "0.999": 0.48071299999999995, "frequentist": 0}}, "no_properties": 26, "no_pars": 2, "no_states": 216, "no_trans": 396, "time_init": 0.03, "time_sample_x100": 3.74}