{"name": "sir20", "N": 20, "instantiator": "CTMC", "model_checking_type": "exact", "scen_opt_N=20": 0.68, "no_properties": 26, "no_pars": 2, "no_states": 216, "no_trans": 396, "time_init": 0.03, "time_sample_x100": 3.73, "lower_bound": {"0.095": {"0.9": 0.0, "0.99": 0.0, "0.999": 0.0, "frequentist": 0.0}, "0.118": {"0.9": 0.005386, "0.99": 0.001647, "0.999": 0.000515, "frequentist": 11.0}, "0.154": {"0.9": 0.089843, "0.99": 0.055915, "0.999": 0.036177, "frequentist": 33.0}, "0.222": {"0.9": 0.234803, "0.99": 0.170898, "0.999": 0.128513, "frequentist": 40.0}, "0.4": {"0.9": 0.423929, "0.99": 0.334986, "0.999": 0.271542, "frequentist": 57.0}, "0.667": {"0.9": 0.536997, "0.99": 0.438078, "0.999": 0.365197, "frequentist": 58.0}, "2.0": {"0.9": 0.668363, "0.99": 0.561998, "0.999": 0.480713, "frequentist": 84.0}}}